0.15	0.0
0.171	0.0
0.24	0.0
0.26	0.0
0.271	0.0
0.291	0.0
0.31	0.0
0.321	0.0
0.341	0.0
0.381	0.0
0.43	0.0
0.44	0.0
0.491	0.0
0.51	0.0
0.61	0.0
0.641	0.0
0.66	0.0
0.671	0.0
0.701	0.0
0.79	0.0
0.8	0.0
0.84	0.0
0.94	0.0
0.99	0.0
1.09	0.0
1.101	0.0
1.141	0.0
1.161	0.0
1.22	0.0
1.23	0.0
1.281	0.0
1.291	0.0
1.31	0.0
1.331	0.0
1.371	0.0
1.42	0.0
1.461	0.0
1.51	0.0
1.561	0.0
1.611	0.0
1.67	0.0
1.711	0.0
1.751	0.0
1.791	0.0
1.831	0.0
1.861	0.0
1.871	0.0
1.901	0.0
1.93	0.0
1.961	0.0
2.02	0.0
2.051	0.0
2.08	0.0
2.111	0.0
2.14	0.0
2.191	0.0
2.241	0.0
2.261	0.0
2.311	0.0
2.401	0.0
2.441	0.0
2.521	0.0
2.56	0.0
2.611	0.0
2.641	0.0
2.741	0.0
2.76	0.0
2.79	0.0
2.81	0.0
2.82	0.0
2.961	0.0
2.99	0.0
3.04	0.0
3.071	0.0
3.11	0.0
3.131	0.0
3.161	0.0
3.18	0.0
3.24	0.0
3.281	0.0
3.371	0.0
3.471	0.0
3.48	0.0
3.55	0.0
3.611	0.0
3.71	0.0
3.72	0.0
3.861	0.0
3.87	0.0
3.931	0.0
3.96	0.0
4.011	0.0
4.091	0.0
4.171	0.0
4.21	0.0
4.291	0.0
4.31	0.0
4.35	0.0
4.361	0.0
4.421	0.0
4.44	0.0
4.451	0.0
4.48	0.0
4.521	0.0
4.6	0.0
4.69	0.0
4.741	0.0
4.76	0.0
4.821	0.0
4.83	0.0
4.871	0.0
4.891	0.0
4.961	0.0
5.06	0.0
5.121	0.0
5.18	0.0
5.231	0.0
5.361	0.0
5.43	0.0
5.501	0.0
5.571	0.0
5.6	0.0
5.651	0.0
5.661	0.0
5.67	0.0
5.68	0.0
5.72	0.0
5.801	0.0
5.861	0.0
5.931	0.0
5.94	0.0
5.971	0.0
6.001	0.0
6.01	0.0
6.101	0.0
6.22	0.0
6.231	0.0
6.24	0.0
6.27	0.0
6.3	0.0
6.33	0.0
6.38	0.0
6.401	0.0
6.41	0.0
6.481	0.0
6.511	0.0
6.521	0.0
6.55	0.0
6.57	0.0
6.611	0.0
6.641	0.0
6.65	0.0
6.671	0.0
6.691	0.0
6.72	0.0
6.781	0.0
6.8	0.0
6.82	0.0
6.85	0.0
6.941	0.0
6.99	0.0
7.01	0.0
7.051	0.0
7.071	0.0
7.191	0.0
7.3	0.0
7.381	0.0
7.511	0.0
7.53	0.0
7.591	0.0
7.6	0.0
7.61	0.0
7.64	0.0
7.68	0.0
7.821	0.0
7.951	0.0
8.031	0.0
8.04	0.0
8.161	0.0
8.171	0.0
8.181	0.0
8.231	0.0
8.381	0.0
8.401	0.0
8.41	0.0
8.49	0.0
8.55	0.0
8.711	0.0
8.78	0.0
8.811	0.0
8.861	0.0
9.001	0.0
9.011	0.0
9.02	0.0
9.06	0.0
9.17	0.0
9.231	0.0
9.251	0.0
9.26	0.0
9.391	0.0
9.46	0.0
9.53	0.0
9.571	0.0
9.611	0.0
9.621	0.0
9.75	0.0
9.791	0.0
9.8	0.0
9.84	0.0
10.021	0.0
10.081	0.0
10.09	0.0
10.1	0.0
10.241	0.0
10.26	0.0
10.351	0.0
10.36	0.0
10.38	0.0
10.4	0.0
10.431	0.0
10.47	0.0
10.52	0.0
10.53	0.0
10.57	0.0
10.61	0.0
10.871	0.0
10.94	2.85120991861
10.95	2.8925872502
11.0	2.8938047619
11.01	2.90917393774
11.071	2.90698641208
11.091	2.9296136264
11.121	2.91529449627
11.13	2.88934940774
11.18	2.89040412399
11.19	2.88521143073
11.2	2.88178226103
11.241	2.88181817608
11.25	2.91061522706
11.3	2.90810969532
11.311	2.92778585282
11.451	2.94545089927
11.471	2.92853786043
11.501	2.93038871142
11.51	2.91516517542
11.53	2.91051696439
11.55	2.8877416782
11.56	2.8828966336
11.59	2.88687720556
11.691	2.88707014116
11.711	2.85649768073
11.731	2.85867276896
11.741	2.85767895328
11.751	2.85598284309
11.791	2.85546300974
11.801	2.85790202771
11.851	2.86187228925
11.861	2.87133453293
11.921	2.86821216091
11.93	2.87104231944
11.971	2.87312599793
11.98	2.85917977749
12.021	2.86174666943
12.03	2.87944508543
12.04	2.8768048248
12.09	2.87416579202
12.111	2.89308935223
12.15	2.89121116489
12.161	2.84873217414
12.171	2.84245879478
12.18	2.83322254685
12.201	2.82642211992
12.21	2.81656155622
12.271	2.80913741209
12.28	2.81010053201
12.29	2.80394882264
12.3	2.79406334932
12.331	2.780896618
12.34	2.77134137197
12.35	2.77466844866
12.36	2.77717572364
12.38	2.77871661024
12.4	2.77400612833
12.41	2.76088771956
12.42	2.75965323909
12.44	2.7621516975
12.451	2.77455095466
12.461	2.77803779672
12.541	2.77594470406
12.581	2.80718382013
12.591	2.7933961409
12.6	2.79991339152
12.62	2.8034132767
12.631	2.79667409614
12.64	2.78531524248
12.651	2.77861854165
12.66	2.77291074505
12.68	2.77902788759
12.701	2.800764717
12.711	2.7994036865
12.72	2.79240058015
12.781	2.78155154545
12.811	2.79412973929
12.821	2.79449136696
12.831	2.79826553422
12.84	2.80416030212
12.86	2.80402639075
12.871	2.78399281608
12.881	2.76306007897
12.89	2.7467808431
12.941	2.74300091141
12.991	2.76955249093
13.001	2.77252971129
13.131	2.77730426853
13.18	2.76639856131
13.19	2.77288315657
13.3	2.77260256799
13.321	2.73515977595
13.35	2.76625125395
13.371	2.76433916154
13.4	2.75731626768
13.521	2.7413401832
13.551	2.75835258805
13.571	2.75786112776
13.631	2.75400816992
13.731	2.76192976015
13.75	2.8030750971
13.77	2.83054659032
13.86	2.84526167514
13.911	2.81762754813
14.001	2.76698138772
14.07	2.76534355913
14.16	2.78022984661
14.211	2.80184153728
14.221	2.79078196927
14.271	2.79373334447
14.281	2.82716766394
14.291	2.81775318295
14.3	2.80873441251
14.331	2.79919327664
14.441	2.80272099931
14.491	2.82258640257
14.551	2.84392229148
14.69	2.83419141908
14.701	2.74590622564
14.72	2.7418129039
14.74	2.74407780502
14.781	2.75333706618
14.951	2.7918991744
15.001	2.89413424015
15.011	2.88444882083
15.061	2.88962869587
15.071	2.84591830522
15.081	2.82326389131
15.09	2.8070516561
15.121	2.78787983959
15.131	2.70991438979
15.14	2.68636706353
15.15	2.6744489152
15.181	2.66032328862
15.421	2.64374544917
15.581	2.83766136105
15.61	2.73858905278
15.62	2.70960772069
15.651	2.70201813465
15.66	2.67860766071
15.73	2.67976827356
15.741	2.69760653172
15.751	2.70157620659
15.771	2.71013449851
15.86	2.73083338928
15.95	2.79547115886
16.031	2.80249763604
16.061	2.74180342111
16.271	2.70938480102
16.311	2.83001395756
16.39	2.82879055428
16.401	2.71534362466
16.411	2.71581479486
16.421	2.71276703755
16.49	2.70050032401
16.53	2.62164852717
16.561	2.6207067749
16.601	2.61960779507
16.65	2.6325825723
16.66	2.6381224384
16.681	2.64057815639
16.731	2.65407121231
16.76	2.6706780038
16.771	2.67581127885
16.78	2.68084482953
16.801	2.67969923685
16.89	2.692457242
16.9	2.69660416079
16.921	2.68852468837
17.01	2.66576724415
17.03	2.67244868987
17.101	2.66098891392
17.13	2.66078221582
17.181	2.6615465429
17.37	2.70029368773
17.381	2.67315618698
17.411	2.68648618087
17.421	2.71198396013
17.53	2.7138332668
17.56	2.75672650076
17.61	2.76385690657
17.62	2.71872212629
17.65	2.71597367439
17.761	2.70426958715
17.79	2.64825282026
17.801	2.67815402843
17.85	2.69309988675
17.91	2.69976554538
17.921	2.71742543596
18.01	2.71308477568
18.06	2.70328189429
18.16	2.68903068038
18.21	2.65078667569
18.28	2.62908082797
18.3	2.62544815222
18.34	2.63502182154
18.39	2.67004138545
18.4	2.64593348367
18.65	2.64974828993
18.691	2.58680710529
18.7	2.54409591014
18.721	2.5541530886
18.741	2.56059153322
18.781	2.5440271225
18.85	2.53309178673
18.89	2.60239389793
18.93	2.64828340628
18.941	2.63532882199
18.96	2.63451779269
18.98	2.65277251192
18.991	2.64740363375
19.001	2.64955581183
19.021	2.64980772887
19.041	2.63293923211
19.151	2.64364048237
19.17	2.60749285713
19.191	2.58044511664
19.2	2.55600410798
19.221	2.55151582398
19.341	2.56776108702
19.4	2.67124727421
19.6	2.68716597924
19.611	2.63085746478
19.7	2.62189797666
19.71	2.64364483242
19.79	2.64354875121
19.81	2.67879917127
19.831	2.6901810348
19.92	2.67883612787
19.99	2.66835192581
20.011	2.68752004644
20.051	2.6653097381
20.16	2.67321473137
20.23	2.67659877456
20.25	2.66098797442
20.391	2.65927452513
20.4	2.74201331142
20.431	2.7496838
20.46	2.76142300273
20.591	2.74555950582
20.64	2.65485253828
20.65	2.6452120898
20.771	2.63474211262
20.88	2.64491531055
20.91	2.63313007654
20.941	2.64780701714
20.95	2.63235293986
21.001	2.62021392256
21.01	2.61513231023
21.08	2.61525926057
21.121	2.58923347731
21.131	2.55605751109
21.151	2.55524088884
21.201	2.56706271836
21.22	2.5957511437
21.281	2.58625714112
21.311	2.58945727905
21.39	2.55202664563
21.43	2.51440967227
21.61	2.52834214457
21.78	2.58057047956
21.841	2.51736787141
21.851	2.51551366524
21.86	2.50031637998
21.891	2.49308202833
21.96	2.51792791795
22.03	2.54715154634
22.091	2.57869366153
22.1	2.63188259617
22.14	2.62439802621
22.18	2.62481732698
22.19	2.59599345146
22.211	2.5807093986
22.23	2.57011614524
22.291	2.58569932513
22.31	2.5518828343
22.32	2.58104746179
22.371	2.59674334504
22.451	2.57451238102
22.46	2.57752478165
22.551	2.56980582924
22.561	2.56961573003
22.571	2.57356037427
22.631	2.57816233003
22.64	2.57070301669
23.0	2.57315759331
23.03	2.59981499342
23.131	2.61891828815
23.17	2.59976171985
23.211	2.57844080793
23.261	2.59104882239
23.331	2.59306112539
23.34	2.59504007676
23.4	2.58625346786
23.431	2.59465932253
23.51	2.57599631211
23.68	2.56664099554
23.771	2.56314669888
23.79	2.49584554811
23.8	2.47048861564
23.84	2.47508828125
23.86	2.51766340085
23.931	2.48367550215
23.941	2.49824498398
23.95	2.50096061544
24.031	2.50045215911
24.051	2.54370438534
24.061	2.54701177854
24.081	2.53980491377
24.13	2.55264137708
24.191	2.52230470007
24.21	2.53144405429
24.23	2.51668869748
24.26	2.47815475707
24.31	2.47712454269
24.36	2.4789532065
24.4	2.47297836626
24.59	2.4877156188
24.671	0.0
24.71	0.0
24.77	0.0
24.871	0.0
24.9	0.0
24.941	0.0
25.011	0.0
25.02	0.0
25.131	0.0
25.16	0.0
25.21	0.0
25.301	0.0
25.321	0.0
25.33	0.0
25.421	0.0
25.451	0.0
25.48	0.0
25.51	0.0
25.531	0.0
25.581	0.0
25.7	0.0
25.82	0.0
26.011	0.0
26.06	0.0
26.141	0.0
26.28	0.0
26.411	0.0
26.42	0.0
26.451	0.0
26.461	0.0
26.551	0.0
26.56	1.71101899463
26.601	1.71101899463
26.661	1.71101899463
26.72	1.71101899463
26.75	1.71101899463
26.79	1.71101899463
26.801	1.71101899463
26.851	1.71101899463
26.871	1.71101899463
26.9	1.71101899463
26.911	1.71101899463
26.93	1.71101899463
26.97	1.71101899463
27.041	1.71101899463
27.111	1.71101899463
27.13	0.0
27.151	0.0
27.17	0.0
27.281	0.0
27.391	0.0
27.441	0.0
27.451	0.0
27.581	0.0
27.64	2.56762088323
27.69	2.60036939684
27.701	2.64648653879
27.71	2.64672703542
27.74	2.63810424358
27.761	2.65116898745
27.811	2.64420668632
27.891	2.65406273475
27.911	2.66571322539
28.0	2.66846828724
28.181	2.69586090146
28.37	2.74233586564
28.431	2.63133236213
28.63	2.51529898819
28.67	2.17263227445
28.691	2.1332700251
28.721	2.13406021471
28.74	2.1343022279
28.761	2.11261567731
28.91	2.09912386485
28.93	2.03674372467
28.991	2.04775804235
29.02	2.07367909764
29.081	2.10509405966
29.14	2.10668459908
29.15	2.12627256014
29.171	2.1274259094
29.2	2.13530255467
29.211	2.11840647658
29.24	2.1063665398
29.26	2.12451053186
29.32	2.14992883603
29.33	2.16260722278
29.38	2.16025762353
29.391	2.15470601243
29.471	2.15779609787
29.63	2.08676735646
29.641	2.0375423922
29.76	2.05211549383
29.971	2.15919938866
30.05	2.15604406263
30.06	2.14548129798
30.08	2.14756350314
30.12	2.13135027623
30.17	2.11101705346
30.181	2.11331161924
30.23	2.1057848893
30.391	2.1416236831
30.431	2.14549155207
30.441	2.1153935804
30.53	2.11026728165
30.54	2.0788277947
30.681	2.08480526669
30.71	2.08615291865
30.721	2.08795641717
30.75	2.08877811172
30.78	2.09064726819
30.791	2.09595658352
30.92	2.10391563519
30.981	2.1296328322
31.001	2.0897648193
31.011	2.07972450099
31.04	2.07846241246
31.08	2.07354985472
31.09	2.06765906281
31.111	2.06898163356
31.15	2.05530849266
31.171	2.04608430911
31.191	2.05809572178
31.21	2.0537424376
31.27	2.04664750262
31.341	2.03525575788
31.391	2.04772068408
31.4	2.04979730705
31.43	2.06464670101
31.56	2.10258459996
31.58	2.08676400199
31.83	2.08942815143
31.86	2.06502639208
31.871	2.04229919454
31.901	2.04524839567
31.94	2.07656374812
32.061	2.06388129504
32.131	2.06660736474
32.17	2.09238165735
32.18	2.07176953351
32.25	2.07362098755
32.261	2.03253487055
32.331	2.03349280795
32.35	2.02142054012
32.38	2.05107240243
32.45	2.06625216273
32.5	2.10660936103
32.61	2.11375542578
32.621	2.16610641475
32.67	2.17144606196
32.68	2.18875969444
32.701	2.20379150556
32.79	2.22764651594
32.8	2.26764393148
32.87	2.26083745546
32.88	2.30735822966
32.941	2.30290381909
32.97	2.33083869026
32.98	2.31877036379
33.061	2.31763262835
33.091	2.34765989871
33.191	2.36461434488
33.23	2.38446304228
33.25	2.37598926765
33.28	2.39461500037
33.44	2.39047066495
33.52	2.44293696194
33.53	2.47828993461
33.541	2.48579021641
33.59	2.48768989225
33.6	2.50455385249
33.63	2.50613427414
33.65	2.51793308092
33.69	2.54200727772
33.731	2.54408549385
33.761	2.56634740439
33.77	2.5584917432
33.781	2.5589437274
33.8	2.55303858177
33.871	2.55440501879
33.941	2.54127763143
33.971	2.55875477528
33.98	2.5899600383
34.05	2.58438445282
34.08	2.59570144662
34.13	2.58983879807
34.161	2.59484122828
34.181	2.59994346092
34.21	2.5885859074
34.22	2.57571524047
34.291	2.56553425235
34.31	2.61518087329
34.32	2.62437344904
34.341	2.63124571259
34.41	2.63281560311
34.63	2.64677993041
34.64	2.67844637803
34.681	2.68694212814
34.83	2.72257782258
34.85	2.73606432673
34.901	2.75480126325
34.95	2.75471976796
34.97	2.77009061224
35.02	2.78493339238
35.04	2.77772802844
35.051	2.7826909638
35.06	2.79249888093
35.17	2.78567873237
35.181	2.80673155111
35.281	2.80496737949
35.301	0.0
35.31	0.0
35.48	0.0
35.501	0.0
35.52	0.0
35.541	0.0
35.55	0.0
35.56	0.0
35.611	0.0
35.66	0.0
35.681	0.0
35.87	0.0
35.89	0.0
35.921	0.0
35.941	0.0
35.96	0.0
36.01	0.0
36.09	0.0
36.171	0.0
36.191	0.0
36.211	0.0
36.221	0.0
36.23	0.0
36.291	0.0
36.31	0.0
36.41	0.0
36.441	0.0
36.451	0.0
36.46	0.0
36.63	0.0
36.69	0.0
36.7	0.0
36.711	0.0
36.79	0.0
36.821	0.0
36.971	0.0
37.051	0.0
37.061	0.0
37.07	0.0
37.1	0.0
37.21	0.0
37.261	0.0
37.291	0.0
37.3	0.0
37.331	0.0
37.381	0.0
37.411	0.0
37.421	0.0
37.43	0.0
37.451	0.0
37.51	0.0
37.591	0.0
37.6	0.0
37.681	0.0
37.691	0.0
37.731	0.0
37.801	0.0
37.811	0.0
37.92	0.0
37.97	0.0
38.041	0.0
38.14	0.0
38.151	0.0
38.16	0.0
38.261	0.0
38.27	0.0
38.33	0.0
38.341	0.0
38.36	0.0
38.47	0.0
38.5	2.54271980367
38.54	2.54271980367
38.651	2.54271980367
38.681	0.0
38.691	0.0
38.7	0.0
38.72	0.0
38.801	0.0
38.811	0.0
38.821	0.0
38.931	0.0
39.02	0.0
39.05	0.0
39.111	0.0
39.18	2.16631161193
39.321	2.16819671617
39.351	2.16122048852
39.411	2.15206621645
39.43	2.16772438285
39.48	2.16458795155
39.51	2.1697511378
39.56	2.16660217853
39.59	2.18792413031
39.631	2.18018600124
39.661	2.1967321184
39.71	2.19195118559
39.721	2.19540884575
39.75	2.19654205514
39.8	2.19261259688
39.82	2.19657483369
39.87	2.19798657867
39.9	2.19198015502
40.02	2.20131165445
40.04	2.18350131669
40.081	2.18405013679
40.091	2.18361237403
40.101	2.18268710538
40.11	2.1827782755
40.15	2.18380997342
40.22	2.18246557819
40.261	2.19074074231
40.351	2.19194457047
40.411	2.19946243432
40.431	2.20584904289
40.481	2.21049903868
40.54	2.20918288061
40.581	2.22724785329
40.601	2.22928733007
40.72	2.22871913888
40.77	2.2289587255
40.79	2.22665039914
40.831	2.22703704504
40.861	2.22668318357
40.871	2.22152222586
40.931	2.21947110817
40.941	2.21301445996
41.001	2.21499367945
41.02	2.21988760977
41.07	2.21808859156
41.11	2.21327133447
41.12	2.21458935245
41.32	2.21447059136
41.411	2.21600090253
41.42	2.23270284633
41.52	2.23535724214
41.64	2.23036723434
41.661	2.22591936062
41.741	2.22994461815
41.79	2.21835299265
41.841	2.20848364268
41.851	2.20362474119
41.871	2.20555525889
41.9	2.21427053451
41.911	2.21989864634
42.021	2.2163395498
42.031	2.22936089497
42.11	2.23073664963
42.141	2.23889102013
42.151	2.23197983862
42.16	2.23116964841
42.22	2.23036006062
42.261	2.23675143903
42.521	2.2357634043
42.53	2.26663053893
42.63	2.26292973819
42.64	2.27227243085
42.731	2.2745436905
42.761	2.27158909136
42.781	2.27160031696
42.821	2.27359143207
42.841	2.27697738241
42.86	2.27362837773
42.87	2.2731823508
42.931	2.2731823508
42.94	2.27708717444
42.96	2.28041969821
43.02	2.2839354194
43.05	2.27962694316
43.06	2.28356322444
43.18	2.28310074241
43.251	2.29148641715
43.29	0.0
43.351	0.0
43.42	0.0
43.45	0.0
43.48	0.0
43.541	0.0
43.611	0.0
43.62	0.0
43.71	0.0
43.77	0.0
43.801	0.0
43.83	0.0
43.92	0.0
43.94	0.0
43.97	0.0
44.03	2.45585952367
44.07	2.46472777401
44.091	2.42478328929
44.141	2.43222470179
44.16	2.42777531909
44.24	2.40677045021
44.26	2.39191764072
44.28	2.3844299109
44.311	2.3722084647
44.321	2.38244349356
44.33	2.38093952044
44.36	2.37300168563
44.391	2.36007054979
44.47	2.33391902173
44.511	2.31521964401
44.74	2.28249293537
44.79	2.14151745265
44.81	2.10202045661
44.851	2.07615847179
44.871	2.01543891001
44.931	1.99892646188
44.991	1.93085188453
45.001	1.86839985014
45.05	1.86077860048
45.071	1.81871438109
45.15	1.80362163438
45.28	1.77327070691
45.34	1.76558687127
45.351	1.75082551958
45.4	1.75998295446
45.46	1.74055307302
45.52	1.74219229708
45.53	1.75545350266
45.55	1.76858078696
45.57	1.77728557075
45.601	1.7760441999
45.61	1.76762807174
45.69	1.76857287099
45.7	1.775189849
45.821	1.77780791988
45.851	1.82199753018
45.871	0.0
45.881	0.0
45.921	0.0
45.94	0.0
45.98	0.0
46.04	0.0
46.051	0.0
46.151	0.0
46.171	0.0
46.26	0.0
46.32	0.0
46.341	0.0
46.371	0.0
46.391	0.0
46.43	0.0
46.58	0.0
46.621	0.0
46.67	0.0
46.69	0.0
46.751	0.0
46.821	0.0
46.831	0.0
46.891	0.0
46.921	2.75713093632
46.931	2.74847248485
46.941	2.74627839084
47.011	2.74139107024
47.04	2.7707347401
47.071	2.7438503968
47.261	2.73605646872
47.31	2.74057822366
47.321	2.77268209501
47.351	2.77666868747
47.36	2.74957051192
47.39	2.73842089533
47.42	2.76370494084
47.47	2.77405911977
47.491	2.73546266653
47.531	2.76826931493
47.54	2.78455561984
47.55	2.7781312064
47.651	2.75748182224
47.831	2.7550958241
47.841	2.75966555945
47.88	2.76772921363
47.92	2.74284122763
47.98	2.76521698968
48.031	2.70932039449
48.12	2.73553230652
48.131	2.70144035655
48.14	2.70699205762
48.17	2.70443968319
48.22	2.69771199352
48.231	2.68836344269
48.24	2.68398230248
48.261	2.68367565104
48.34	2.67152596843
48.38	2.68194202025
48.391	2.6465148781
48.43	2.63101387302
48.501	2.64554833636
48.511	2.61267085566
48.57	2.6203969165
48.581	2.63075464458
48.651	2.62035360209
48.701	2.606969505
48.8	2.61246301409
48.84	2.62054059308
48.871	2.60393817131
48.971	2.61557680063
49.0	2.62885602497
49.01	2.60988026545
49.09	2.60438015658
49.101	2.60564828785
49.11	2.60590905444
49.121	2.60562103922
49.16	2.60207474912
49.341	2.60161046277
49.371	2.59578215573
49.46	2.59223031384
49.47	2.58501315277
49.481	2.57496135893
49.671	2.55972361789
49.701	2.59385273291
49.711	2.58254022234
49.72	2.58712697794
49.74	2.59443808945
49.791	2.61355887632
49.81	2.60386962039
49.82	2.60227054704
49.891	2.60308201945
49.901	2.55007803802
50.09	2.54564196226
50.11	2.56489687902
50.21	2.56395417276
50.241	2.5483267059
50.281	2.55245881456
50.3	2.55042976771
50.331	2.55142881539
50.35	2.56552957496
50.36	2.56673917646
50.371	2.56900253017
50.381	2.57927703049
50.491	2.58651908943
50.501	2.55061874846
50.63	2.55574118408
50.681	2.56995894909
50.811	2.5565809199
50.881	2.56658722821
50.911	2.55641272098
50.921	2.58131090727
50.981	2.59896402438
51.06	2.56229057681
51.09	2.58485183328
51.101	2.57233862468
51.181	2.57613411918
51.211	2.59274024923
51.22	2.56740647347
51.31	2.56471089989
51.36	2.58660665738
51.401	2.54888289256
51.411	2.52647936861
51.421	2.5349110438
51.441	2.54707459647
51.58	2.54780179763
51.59	2.54677266359
51.601	2.54666644852
51.61	2.54664701127
51.651	2.54139587629
51.701	2.5237622709
51.711	2.55867211655
51.731	2.5618727525
51.84	2.56618802896
51.891	2.55630847121
51.901	2.53198124006
51.93	2.52864884869
52.001	2.53195655571
52.011	2.56381142052
52.02	2.55955015579
52.04	2.54140335248
52.101	2.55823962912
52.15	2.55873777476
52.18	2.56162702203
52.29	2.58317808136
52.3	2.55423041247
52.311	2.55835611282
52.361	2.57459297754
52.461	2.59429855645
52.49	2.57112699025
52.501	2.57607181577
52.61	2.56567827289
52.63	2.54431169474
52.681	2.55898925359
52.75	2.52824306585
52.91	2.51179736444
52.981	2.50645765973
53.02	2.51026313362
53.03	2.49154991923
53.12	2.49128822098
53.14	2.51706336829
53.24	2.49769773992
53.28	2.48831629822
53.29	2.51479661205
53.371	2.53127497519
53.4	2.49009879322
53.41	2.50340647918
53.441	2.49080448851
53.47	2.48566671137
53.54	2.50118951701
53.581	2.48628015316
53.591	2.49691129198
53.631	2.49482464314
53.65	2.50416393233
53.66	2.51764930044
53.77	2.5183367527
53.821	2.53788356707
53.831	2.52379238449
53.911	2.51561046269
54.06	2.51900258039
54.131	2.53730683994
54.14	2.51330161342
54.231	2.51308794116
54.26	2.52278695097
54.33	2.53122045662
54.39	2.49715478095
54.41	2.50975556579
54.42	2.49874068282
54.431	2.49610917229
54.441	2.49863862933
54.46	2.50330221907
54.52	2.50734441192
54.631	2.49122098578
54.681	2.52252175412
54.74	2.5264510682
54.75	2.52400416006
54.79	2.5359954653
54.86	2.53234160413
54.97	2.52836725972
54.98	2.52611341788
55.021	2.52381358266
55.09	2.54700706713
55.21	2.51618878465
55.22	2.52896500569
55.23	2.52408577509
55.321	2.51912722982
55.33	2.5049287415
55.341	2.50074308956
55.36	2.49396010393
55.471	2.4948871718
55.52	2.51006792737
55.53	2.50104518152
55.66	2.51678902572
55.701	2.52392353291
55.771	0.0
55.781	0.0
55.9	0.0
55.92	0.0
55.981	0.0
56.091	0.0
56.1	0.0
56.121	0.0
56.131	0.0
56.14	0.0
56.151	0.0
56.321	0.0
56.36	0.0
56.38	0.0
56.41	0.0
56.421	0.0
56.43	0.0
56.511	0.0
56.521	0.0
56.55	0.0
56.611	0.0
56.711	0.0
56.72	0.0
56.75	0.0
56.771	0.0
56.81	0.0
56.87	0.0
56.911	0.0
57.011	0.0
57.021	0.0
57.101	0.0
57.25	0.0
57.26	0.0
57.361	0.0
57.381	0.0
57.391	0.0
57.411	0.0
57.44	0.0
57.45	0.0
57.491	0.0
57.581	0.0
57.65	0.0
57.68	0.0
57.74	0.0
57.751	2.22182109991
57.801	2.22182109991
57.81	2.22182109991
57.851	2.22182109991
57.881	2.22182109991
57.941	2.22182109991
58.031	2.22182109991
58.05	0.0
58.26	0.0
58.33	0.0
58.371	0.0
58.42	0.0
58.441	2.27277033596
58.48	2.27277033596
58.591	2.27277033596
58.601	2.27277033596
58.611	2.27277033596
58.63	2.27277033596
58.661	2.27277033596
58.671	2.27277033596
58.69	2.27277033596
58.731	2.27277033596
58.76	2.27277033596
58.781	2.27277033596
58.841	2.27277033596
58.851	2.27277033596
58.941	2.27277033596
58.981	2.27277033596
59.071	2.27277033596
59.08	2.27277033596
59.131	2.27277033596
59.33	2.27277033596
59.36	2.27277033596
59.37	2.27277033596
59.381	2.27277033596
59.401	2.27277033596
59.421	2.27277033596
59.471	2.27277033596
59.57	2.27277033596
59.59	2.27277033596
59.631	2.27277033596
59.74	2.27277033596
59.78	2.27277033596
59.86	2.27277033596
59.96	2.27277033596
60.071	2.27277033596
60.21	2.27277033596
60.231	2.27277033596
60.32	2.27277033596
60.361	2.27277033596
60.381	2.27277033596
60.46	0.0
60.49	0.0
60.5	0.0
60.8	0.0
60.871	0.0
60.9	0.0
60.931	0.0
60.951	0.0
61.0	0.0
61.031	0.0
61.05	0.0
61.1	0.0
61.151	0.0
61.171	0.0
61.23	0.0
61.281	0.0
61.391	0.0
61.451	0.0
61.62	0.0
61.78	0.0
61.83	0.0
61.88	0.0
62.041	0.0
62.111	0.0
62.201	0.0
62.22	0.0
62.281	0.0
62.391	0.0
62.41	0.0
62.57	0.0
62.6	0.0
62.661	0.0
62.72	0.0
62.83	0.0
62.921	0.0
62.991	0.0
63.041	0.0
63.07	0.0
63.091	0.0
63.121	0.0
63.25	0.0
63.28	0.0
63.42	0.0
63.451	0.0
63.531	0.0
63.631	0.0
63.68	0.0
63.751	0.0
63.77	0.0
63.811	0.0
63.87	0.0
63.961	0.0
63.991	0.0
64.07	0.0
64.16	0.0
64.171	0.0
64.45	0.0
64.511	0.0
64.611	0.0
64.641	0.0
64.66	0.0
64.68	0.0
64.701	0.0
64.74	0.0
64.91	0.0
65.021	0.0
65.101	0.0
65.251	0.0
65.28	0.0
65.401	0.0
65.571	0.0
65.65	0.0
65.67	0.0
65.72	0.0
65.771	0.0
65.881	0.0
65.971	0.0
66.18	0.0
66.231	0.0
66.261	0.0
66.28	0.0
66.421	0.0
66.471	0.0
66.56	0.0
66.591	0.0
66.61	0.0
66.86	0.0
66.89	4.13274279384
66.9	4.13289898255
67.01	4.13462283649
67.03	4.14085124099
67.09	4.14203645566
67.12	4.15200397399
67.14	4.14737483235
67.161	4.1510793777
67.331	4.15127028751
67.34	4.16022908023
67.371	4.14992277037
67.43	4.09064127002
67.44	4.07872345226
67.54	4.07117980443
67.59	4.07349395483
67.691	4.03336063352
67.751	4.02697640917
67.781	4.03932729548
67.821	4.03296342656
67.86	4.03081158081
67.891	4.05683201526
67.911	4.03547382596
68.071	4.02208416123
68.101	4.00316150061
68.151	3.98995037563
68.32	4.01402379166
68.341	4.06164917244
68.381	4.08356474174
68.441	4.07028021148
68.461	4.04916028332
68.47	4.05720396332
68.59	4.0576361345
68.621	4.07543016134
68.66	4.0572297199
68.68	4.02552418947
68.751	4.02031864409
68.77	4.02829629
68.79	4.03726281037
68.86	4.05520714637
69.08	4.02935503524
69.29	4.01862277404
69.321	4.0060521714
69.33	4.01656183819
69.361	4.01307799575
69.401	3.99418139298
69.66	4.00303584795
69.81	4.00994438864
69.82	3.9849347548
69.95	3.99764943436
69.99	4.03199243551
70.07	4.02147771348
70.111	4.02331231698
70.16	4.01991069553
70.401	4.00072455938
70.44	3.98689428001
70.49	3.99091430627
70.6	4.02959290748
70.891	4.03884067524
70.91	4.01413315674
71.09	4.02246131119
71.16	4.01308522212
71.181	3.9791641082
71.231	3.99950934491
71.261	4.04191860383
71.301	3.98493738972
71.35	3.97084185029
71.461	4.0032883983
71.66	3.98076789075
71.821	3.96759196491
71.83	3.99035574855
71.88	3.99310418096
71.911	3.97905139449
71.93	3.9854841613
71.961	3.99681986084
72.041	3.9807353592
72.091	3.9709734323
72.23	3.98310707865
72.291	3.98595847946
72.44	3.97092357015
72.451	3.98048677928
72.84	3.97326100326
72.851	0.0
72.961	0.0
73.14	0.0
73.16	0.0
73.2	0.0
73.251	0.0
73.36	0.0
73.39	0.0
73.41	0.0
73.44	0.0
73.52	0.0
73.57	0.0
73.59	0.0
73.71	0.0
73.73	0.0
73.801	0.0
73.92	0.0
73.98	0.0
74.05	0.0
74.1	0.0
74.131	0.0
74.21	0.0
74.261	0.0
74.28	0.0
74.31	0.0
74.391	0.0
74.441	0.0
74.581	0.0
74.6	0.0
74.67	0.0
74.771	0.0
74.78	2.6463289667
74.86	2.64429102029
74.99	2.64234763042
75.02	2.61869757704
75.07	2.6104043748
75.131	2.62888512492
75.17	2.62805688675
75.321	2.61175266823
75.331	0.0
75.431	0.0
75.461	0.0
75.541	0.0
75.551	0.0
75.56	0.0
75.641	0.0
75.661	0.0
75.77	0.0
75.8	0.0
75.82	0.0
75.851	0.0
75.931	0.0
75.97	2.91911167995
75.99	2.91845267222
76.041	2.92137655909
76.081	2.9179276893
76.111	2.91802981479
76.141	2.91302608982
76.161	2.91121057294
76.171	2.91289889972
76.23	2.91471679585
76.281	2.92139658383
76.34	2.90318411404
76.451	2.89967687855
76.541	2.89060287829
76.561	2.89620441268
76.621	2.89517495154
76.671	2.88413609249
76.691	2.87252136633
76.71	2.8659689461
76.85	2.85875812198
76.961	2.81426811089
77.06	2.73655458561
77.161	2.66519004951
77.191	2.62227325045
77.33	2.61437219997
77.411	2.57594972777
77.46	2.54809379733
77.541	2.5268189488
77.56	2.49741826693
77.58	2.4911342798
77.701	2.48438905971
77.781	2.47640263285
77.79	2.50435500678
77.81	2.50801076553
77.921	2.51615599675
77.94	2.54796978004
77.95	2.5536800896
78.02	2.55501135027
78.131	2.55895818645
78.151	2.56316874201
78.23	2.56474501657
78.251	2.58114490101
78.271	2.58495145022
78.321	2.58974303745
78.34	2.60026940912
78.39	2.60391128881
78.47	2.6121611742
78.561	2.60855151377
78.58	2.62938738112
78.601	2.63381263571
78.681	0.0
78.761	0.0
78.771	0.0
78.78	0.0
78.791	0.0
78.9	0.0
78.991	0.0
79.071	0.0
79.141	0.0
79.311	0.0
79.531	0.0
79.541	0.0
79.641	0.0
79.67	0.0
79.691	0.0
79.74	0.0
79.801	0.0
79.871	0.0
79.901	0.0
79.991	0.0
80.02	0.0
80.031	0.0
80.05	0.0
80.101	0.0
80.151	0.0
80.17	0.0
80.18	0.0
80.29	0.0
80.39	0.0
80.4	0.0
80.421	0.0
80.53	0.0
80.581	0.0
80.601	0.0
80.611	0.0
80.701	0.0
80.751	0.0
80.77	0.0
80.801	0.0
80.94	0.0
80.971	0.0
81.09	0.0
81.111	0.0
81.28	0.0
81.311	0.0
81.411	0.0
81.471	0.0
81.521	0.0
81.601	0.0
81.65	0.0
81.7	0.0
81.75	0.0
81.771	0.0
81.861	0.0
81.87	0.0
81.991	0.0
82.0	0.0
82.021	0.0
82.031	0.0
82.17	0.0
82.191	0.0
82.201	0.0
82.221	0.0
82.361	0.0
82.421	0.0
82.47	0.0
82.481	0.0
82.501	0.0
82.55	0.0
82.7	0.0
82.841	0.0
82.901	3.2991885366
82.941	3.29597405936
82.961	3.25845991229
83.01	3.23685495505
83.03	3.2395538273
83.081	3.25734523807
83.211	3.24259726146
83.28	3.24335906122
83.37	3.20404400719
83.431	3.2739018006
83.551	3.26226087246
83.571	3.22992801777
83.58	3.22864816913
83.71	3.22647020752
83.89	3.19851387366
83.921	3.10373114171
83.941	3.08599724562
84.011	3.09302796625
84.23	3.15240685826
84.311	3.08196447092
84.32	2.98579989283
84.451	2.98790796378
84.481	3.00907975966
84.57	3.0013100473
84.64	2.95555307853
84.67	2.95856130577
84.74	2.9718016421
84.811	2.93788733617
84.821	2.92413765066
84.98	2.92191546763
85.001	2.79503309462
85.051	2.79206822983
85.061	2.76931056402
85.11	2.76703848907
85.141	2.76612111087
85.221	2.75360291255
85.28	2.75126625393
85.331	2.76963914617
85.4	2.80716298066
85.43	2.79385844309
85.54	2.79909003071
85.631	2.81328189131
85.64	2.80016303097
85.7	2.81221354097
85.731	2.79316129144
85.78	2.80848215234
85.79	2.80615502066
85.811	2.80884139816
85.961	2.80211259588
86.041	2.79242367846
86.1	2.77889996222
86.171	2.76658779004
86.29	2.77629933545
86.341	2.78019172001
86.41	2.79570992773
86.451	2.77899424253
86.471	2.76068632771
86.55	2.76978320451
86.6	2.70480332002
86.621	2.7055234244
86.731	2.71143301595
86.74	2.71303280481
86.791	2.70584293705
86.9	2.67999067163
86.991	2.72246689603
87.111	2.72755531566
87.13	2.72380817974
87.2	2.73256985272
87.251	2.74582464844
87.27	2.72996025612
87.371	2.73748735157
87.441	2.75983369064
87.511	2.75493067063
87.6	2.78538202048
87.631	2.76686049522
87.67	2.77101732221
87.76	2.75964508588
87.851	2.75777682201
87.89	2.7419680888
87.92	2.74060230606
87.98	2.72358991039
88.07	2.73424157674
88.131	2.70016369874
88.25	2.6996623863
88.28	2.70696102669
88.391	2.71516205778
88.411	0.0
88.48	0.0
88.491	0.0
88.511	0.0
88.67	0.0
88.761	0.0
88.831	0.0
88.881	0.0
88.9	0.0
88.91	0.0
88.96	0.0
89.05	0.0
89.061	0.0
89.101	0.0
89.12	0.0
89.131	0.0
89.23	0.0
89.26	0.0
89.31	0.0
89.361	0.0
89.45	0.0
89.571	0.0
89.7	0.0
89.71	0.0
89.731	0.0
89.891	0.0
89.95	3.91352219874
89.961	3.91797766711
89.971	3.91801174067
90.0	3.91859745317
90.02	3.92015063486
90.14	3.92107344996
90.21	3.92417507255
90.26	3.91565907607
90.4	3.90981137652
90.411	3.90310671133
90.43	3.90385527396
90.481	3.90223846017
90.661	3.88899202879
90.74	3.8729850245
90.92	3.87004922449
90.951	3.85359183101
91.031	3.85921611211
91.08	3.85119994287
91.101	3.86285813874
91.21	3.85919758499
91.23	3.83327914454
91.261	3.82672026676
91.28	3.81487588265
91.311	3.81470169214
91.36	3.81876066283
91.38	3.81313847113
91.431	3.81526250735
91.511	3.82088497602
91.52	3.82247066699
91.6	3.82357359024
91.691	3.78810321929
91.731	3.79763005044
91.75	3.80304272918
91.85	3.80437458724
91.99	3.82492731957
92.011	3.81470680394
92.111	3.81158379155
92.14	3.79851615766
92.161	3.79953812983
92.25	3.80156888666
92.26	3.80969224479
92.301	3.80879836694
92.32	3.80953973598
92.33	3.80418006934
92.37	3.800697436
92.41	3.80300775703
92.461	3.81486893615
92.49	3.81764927671
92.551	3.82419782438
92.621	3.82194858678
92.64	3.82720812081
92.73	3.82623757757
92.741	3.8320110908
92.761	3.83232122871
92.85	3.83574790621
92.901	3.85961785673
92.99	3.86859793724
93.061	3.85393331546
93.141	3.83044383851
93.151	3.80671590745
93.16	3.807291557
93.22	3.80788944167
93.24	3.79838465667
93.3	3.7943298486
93.351	3.79474979412
93.371	3.78625025586
93.46	3.78309648304
93.491	3.79632927971
93.51	3.79279738452
93.66	3.78837286972
93.711	3.7798281707
93.79	3.76984575281
93.82	3.74087115523
93.881	3.74267791828
93.931	3.7447117379
93.94	3.75260016522
93.99	3.75991037127
94.021	3.77431079801
94.14	3.77503668856
94.16	3.77402636451
94.21	3.77216940235
94.23	3.7852451704
94.251	3.78778312473
94.301	3.79070151819
94.32	3.79198114447
94.37	3.79319746388
94.4	3.7971491938
94.451	3.7995333924
94.511	3.7994423275
94.6	3.8154822762
94.621	3.82034252391
94.781	3.82200156986
94.791	3.80531286493
94.87	3.80533099743
94.88	3.79619928349
94.971	3.79423575968
94.991	3.79671068163
95.06	3.79844415518
95.071	3.78260730185
95.091	3.78237147832
95.151	3.78455558818
95.231	3.79066959784
95.331	3.8069058302
95.34	3.84598868953
95.43	3.85005636322
95.491	3.86522043356
95.601	3.86663290215
95.65	3.86570588638
95.721	3.87510580501
95.8	3.86935511423
95.871	3.88902571347
95.89	3.88443921307
95.97	3.88485520966
96.07	3.87762117799
96.08	3.86782949469
96.16	3.86719963281
96.18	3.87260403346
96.211	3.87659773513
96.231	3.87798723567
96.34	3.87679790549
96.36	3.89028096672
96.4	3.89459805371
96.421	3.89593775618
96.441	3.89556132027
96.601	3.89521424315
96.631	3.92733675663
96.691	3.93258261197
96.73	3.94303702747
96.95	3.9423812601
96.971	3.95001607592
97.301	3.95422078291
97.331	3.99782365794
97.42	3.99778100951
97.451	3.97992700938
97.53	3.98248490267
97.621	3.99883032898
97.661	4.00202423781
97.68	4.00403134353
97.78	4.00541208866
97.901	3.99928218559
97.921	4.01285210293
97.93	4.01364298362
98.061	4.01522539841
98.24	4.02762883096
98.32	4.0328780046
98.371	4.04099072011
98.39	4.03962782939
98.41	4.03447010151
98.421	4.03067649409
98.51	4.03025880062
98.58	4.03050480709
98.741	4.01551914452
98.821	4.0153857847
98.871	4.00783794583
98.881	4.00076855117
98.91	3.99829838806
98.971	3.99063516248
99.061	3.99397270897
99.071	4.00296502608
99.11	4.00384914801
99.13	4.01297171682
99.141	4.0146847946
99.231	4.01399875436
99.38	4.00199775112
99.4	4.00815992695
99.471	4.01215789819
99.52	4.026029061
99.64	4.03435409948
99.69	4.0260453301
99.72	4.0069656849
99.79	3.99637973671
99.901	4.00912022768
100.03	4.0146602596
100.061	3.99115935538
100.1	3.97708197049
100.11	3.96322507562
100.16	3.96182798718
100.17	3.95971223702
100.21	3.95650274864
100.23	3.94800265957
100.351	3.94905178492
100.44	3.94670014062
100.56	3.96718691266
100.59	3.95466117386
100.611	3.94418179094
100.74	3.93652905489
100.791	3.90817834803
100.81	3.91026418545
100.92	3.91321734638
100.931	3.93102251329
100.991	3.93074445875
101.031	3.92443575562
101.051	3.92142384855
101.1	3.92079596511
101.111	3.92468215274
101.18	3.92478343352
101.26	3.91841919656
101.341	3.91718087405
101.421	3.908063587
101.47	3.92161191349
101.481	3.93678180752
101.501	3.93977930854
101.541	3.94768717099
101.61	3.96905379152
101.66	3.9861604333
101.671	3.99834790882
101.7	3.99648307891
101.781	3.9894859318
101.831	3.98591031008
101.871	3.98670854214
101.91	3.98700464008
102.101	3.98324792098
102.121	3.94610934973
102.19	3.94531354901
102.201	3.92186868725
102.211	3.92202167256
102.26	3.92352774936
102.33	3.92594256198
102.341	3.91789152479
102.42	3.91343250868
102.47	3.90289776961
102.52	3.89825614859
102.57	3.885885356
102.6	3.8831205235
102.651	3.88232430382
102.711	3.8730182029
102.731	3.84950879983
102.761	3.84608645249
102.801	3.84014765341
102.84	3.84284998406
102.86	3.85037491681
102.901	3.8561366677
102.93	3.86314690376
103.031	3.86454162871
103.141	3.86814128491
103.201	3.8635751578
103.32	3.86882424
103.36	3.87276051416
103.38	3.87811229853
103.401	3.87679829241
103.451	3.87493819306
103.501	3.87797692102
103.511	3.8850875151
103.64	3.88477579791
103.701	3.88843528942
103.75	3.88661047701
103.761	3.87992603022
103.81	3.87833276035
103.821	3.86643673167
103.841	3.86489404771
103.871	3.8638536463
103.881	3.86297644311
103.941	3.86288363791
104.01	3.85519208341
104.021	3.85293251952
104.101	3.85362829033
104.211	3.84573998081
104.26	3.85522424769
104.39	3.85072590559
104.42	3.84737170027
104.46	3.85274940789
104.521	3.85665321231
104.57	3.84488465367
104.6	3.84569382557
104.651	3.84333514021
104.681	3.8398044221
104.731	3.84234017234
104.831	3.83912411886
104.841	3.81475516908
104.91	3.81306962958
105.011	3.79406562937
105.111	3.76821244093
105.12	3.75208661947
105.131	3.75155354487
105.14	3.75108944175
105.27	3.7503178532
105.29	3.74832709352
105.361	3.74627401561
105.391	3.75788491043
105.41	3.75533806734
105.53	3.75096294303
105.56	3.75144905337
105.631	3.7580757044
105.7	3.75839234248
105.761	3.76251644515
105.87	3.77981295834
106.0	3.78103385333
106.02	3.77323018116
106.071	3.77351242213
106.13	3.77910280358
106.141	3.77897195015
106.231	3.78251556507
106.411	3.79806977292
106.43	3.77129221886
106.44	3.77004164433
106.491	3.77011657645
106.54	3.77132204936
106.551	3.77025755088
106.591	3.77185179985
106.67	3.77867781109
106.711	3.77108658081
106.74	3.76326640035
106.791	3.75858337675
106.84	3.7443796549
106.89	3.74907468584
106.941	3.74161328841
107.0	3.72336595032
107.031	3.72101531843
107.431	3.7104573842
107.49	0.0
107.531	0.0
107.55	0.0
107.731	0.0
107.84	0.0
107.961	0.0
108.07	0.0
108.131	0.0
108.141	0.0
108.161	0.0
108.171	0.0
108.19	0.0
108.231	0.0
108.341	0.0
108.45	0.0
108.5	0.0
108.851	0.0
108.87	0.0
108.92	0.0
108.931	2.83449836832
109.171	2.83995915464
109.331	2.84944713936
109.35	2.8951968845
109.391	2.89325785232
109.44	2.88640970758
109.49	2.88421601133
109.551	2.87284249481
109.601	2.85669476843
109.69	2.84506133502
109.791	2.85400140154
109.801	2.87519964524
109.83	2.8758459625
109.84	2.87033046878
109.861	2.86785529621
109.951	2.86446120588
110.05	2.87694473357
110.11	2.87518921117
110.17	2.87428147543
110.41	2.88426160395
110.46	2.93790129174
110.471	2.94272051
110.48	2.9438271009
110.59	2.94413213019
110.66	2.93667158532
110.71	2.93877593566
110.72	2.93201995218
110.75	2.92951907316
110.761	2.91917745264
110.77	2.9171578634
110.841	2.91527460113
110.95	2.91549275424
110.961	2.91247746772
111.011	2.91336111734
111.07	2.92163122245
111.081	2.9163005675
111.12	2.91620352513
111.17	2.91401801642
111.261	2.90973985091
111.311	2.93472877793
111.47	2.95999594594
111.51	2.97615758991
111.62	2.97527427307
111.631	2.96784854735
111.75	2.96479695763
111.771	2.93852445966
111.79	2.94156250996
111.871	2.9431447467
111.931	2.95380263389
111.961	2.9433066439
111.99	2.93294442498
112.05	2.92667558845
112.061	2.91555089134
112.12	2.9152238336
112.17	2.90847949967
112.181	2.90139914524
112.21	2.90003344808
112.221	2.8957363485
112.43	2.89544279861
112.48	2.89001487885
112.56	2.87257811034
112.63	2.86095141518
112.64	2.88051575243
112.68	2.88267133055
112.691	2.88015450974
112.8	2.87667811894
112.811	0.0
112.92	0.0
112.99	0.0
113.001	0.0
113.041	0.0
113.05	0.0
113.12	0.0
113.22	0.0
113.43	0.0
113.51	0.0
113.521	0.0
113.61	0.0
113.751	0.0
113.76	0.0
113.81	0.0
113.82	0.0
113.86	0.0
113.91	0.0
113.981	0.0
114.011	0.0
114.09	0.0
114.141	0.0
114.23	0.0
114.26	0.0
114.28	0.0
114.48	0.0
114.61	0.0
114.721	0.0
114.831	0.0
114.84	0.0
114.901	0.0
114.97	0.0
114.98	0.0
114.991	0.0
115.001	0.0
115.021	0.0
115.03	0.0
115.291	0.0
115.341	0.0
115.36	0.0
115.4	0.0
115.41	0.0
115.431	0.0
115.46	0.0
115.47	0.0
115.48	0.0
115.651	0.0
115.711	0.0
115.721	0.0
115.741	0.0
115.92	0.0
116.061	0.0
116.141	0.0
116.151	2.83215977657
116.301	2.82045829609
116.311	2.80482441518
116.321	2.80363442695
116.331	2.80761161844
116.341	2.8087611148
116.421	2.80714766266
116.43	2.80633818347
116.44	2.80343592757
116.571	2.80634174683
116.62	0.0
116.65	0.0
116.681	0.0
116.701	0.0
116.71	0.0
116.77	0.0
116.8	0.0
116.87	0.0
116.93	0.0
116.961	0.0
117.001	0.0
117.061	0.0
117.151	0.0
117.211	0.0
117.311	0.0
117.341	0.0
117.35	0.0
117.371	0.0
117.4	0.0
117.41	0.0
117.42	0.0
117.59	0.0
117.75	0.0
117.781	0.0
117.91	0.0
117.921	0.0
117.931	0.0
117.981	0.0
117.991	0.0
118.23	0.0
118.281	0.0
118.31	0.0
118.36	0.0
118.37	0.0
118.401	0.0
118.46	0.0
118.51	0.0
118.63	0.0
118.7	0.0
118.73	0.0
118.84	0.0
118.99	0.0
119.0	0.0
119.031	0.0
119.04	0.0
119.06	0.0
119.1	0.0
119.12	0.0
119.241	0.0
119.27	0.0
119.331	0.0
119.341	0.0
119.351	0.0
119.371	0.0
119.44	0.0
119.541	0.0
119.551	0.0
119.65	0.0
119.8	0.0
119.95	0.0
